feature_name,feature_count
sa,512
cebu,382
na,312
ko,237
school,223
usc,217
ang,195
university,157
im,141
kay,129
student,128
naa,128
college,126
nga,123
lang,98
ug,95
mga,94
know,90
pero,85
ba,84
ra,78
thank,76
year,73
hi,73
city,66
like,64
sa cebu,61
wala,61
ako,59
akong,59
nako,59
mag,59
may,57
nag,57
time,56
hello,56
want,55
jud,55
anyone,55
need,54
help,54
talamban,54
mo,54
pa,53
sad,51
man,51
ni,50
guy,50
dili,48
philippine,48
good,48
ka,48
would,48
course,47
go,46
cebu city,45
naay,45
also,44
asa,44
san,43
study,43
near,42
ask,41
po,40
sa usc,40
one,40
unta,40
please,39
pwede,39
campus,38
og,38
planning,38
san carlos,38
kaayo,38
carlos,38
offer,37
survey,37
friend,37
program,37
much,36
para,36
ng,35
since,35
take,34
main,34
still,33
area,32
work,32
best,32
looking,32
currently,31
sila,30
university san,30
dont,30
experience,30
job,30
usc main,29
usc talamban,29
really,29
diay,29
ive,29
place,29
kung,29
sa mga,28
uc,28
engineering,28
wa,27
around,27
koy,27
pud,27
siya,27
exam,27
diri,27
sa akong,26
school cebu,26
kanang,25
law,25
unsa,25
graduate,25
salamat,25
thanks,24
tuition,24
get,24
manila,23
recommendation,23
day,23
first,23
unsay,23
going,23
daw,22
maka,22
month,22
could,22
ganahan,22
suggestion,22
di,22
nila,22
people,21
think,21
answer,21
kog,21
online,21
nindot,21
family,21
high,20
everyone,20
next,20
ilang,20
anyone know,20
gomo,20
university cebu,20
cafe,20
business,20
wanna,20
recommend,20
new,20
pag,20
psychology,20
yung,19
another,19
class,19
enroll,19
commute,19
basin,19
near usc,19
banilad,19
plan,19
mba,19
science,19
moy,19
ko sa,18
research,18
fee,18
ani,18
taking,18
nya,18
park,18
jeep,18
usjr,18
duol,18
thing,18
find,18
even,17
gyud,17
cdu,17
especially,17
sure,17
studying,17
master,17
nice,17
better,17
advice,17
long,17
globe,16
degree,16
daghan,16
working,16
preferably,16
life,16
question,16
murag,16
mi,16
idea,16
gi,16
share,16
got,16
response,16
feel,15
already,15
entrance,15
someone,15
shs,15
international,15
interested,15
incoming,15
gusto,15
thought,15
sya,15
ma,15
mandaue,15
rent,15
jud ko,15
naman,15
back,15
naa ba,15
college student,15
week,14
number,14
per,14
option,14
kasi,14
lot,14
bus,14
cebu hi,14
hope,14
shop,14
hehe,14
heard,14
ta,14
grade,14
worth,14
free,14
affordable,14
entrance exam,14
ill,14
gud,14
let,13
review,13
mangutana,13
parking,13
wanted,13
niya,13
hi guy,13
gym,13
apartment,13
sana,13
nursing,13
mu,13
within,13
transfer,13
akoa,13
university philippine,13
unta ko,12
teacher,12
haha,12
top,12
doctor,12
suggest,12
ride,12
appreciated,12
say,12
scholarship,12
province,12
stem,12
swu,12
didto,12
love,12
open,12
naa mo,12
naa koy,12
condo,12
last,12
language,12
link,12
center,12
huhu,12
id,12
hi im,12
student university,12
edit,12
choice,12
colon,11
naka,11
mao,11
make,11
quality,11
sad ko,11
sa may,11
ay,11
para sa,11
education,11
diri sa,11
terminal,11
th,11
din,11
high school,11
im currently,11
im planning,11
home,11
tao,11
hahaha,11
graduating,11
ga,11
cit,11
budget,11
cebuano,11
well,11
naa moy,11
went,11
mahal,11
public,10
look,10
rako,10
lang ko,10
history,10
cebu doctor,10
ila,10
cebu hello,10
story,10
ana,10
inyo,10
sa school,10
lang unta,10
second,10
karon,10
na school,10
maayong,10
ra ang,10
reason,10
art,10
lapulapu,10
pila,10
nd,10
philippine cebu,10
wondering,10
need help,10
ngohiong,10
way,10
college cebu,10
far,10
english,10
walay,10
tried,10
freshman,10
give,10
film,10
tip,10
unit,10
computer,10
hoping,10
internet,10
senior,10
something,10
kaila,10
dont know,10
unya,10
system,9
taga,9
sorry,9
jd,9
senior high,9
sim,9
im still,9
hour,9
cost,9
driving,9
use,9
every,9
con,9
driving school,9
asking,9
sa ilang,9
respondent,9
marketing,9
move,9
med,9
maayong adlaw,9
available,9
comment,9
adlaw,9
bar,9
reco,9
basta,9
play,9
participant,9
room,9
try,9
found,9
food,9
tuition fee,9
recently,9
psych,9
pro,9
private,9
usa,9
thinking,9
hear,9
south,9
want ask,8
dapit,8
advance,8
old,8
apply,8
appreciate,8
right,8
living,8
learn,8
lf,8
ko nga,8
lami,8
pwede ra,8
project,8
pursue,8
psychology student,8
request,8
pro con,8
board,8
willing,8
ninyo,8
normal,8
confused,8
padung,8
page,8
nalang,8
nahibawan,8
opportunity,8
barato,8
based,8
na sa,8
naa bay,8
possible,8
atbang,8
please help,8
bay,8
happy,8
hair,8
student sa,8
cebu usc,8
hi everyone,8
ang mga,8
ang usc,8
state,8
kana,8
buy,8
im sure,8
si,8
architecture,8
social,8
choose,8
friendly,8
filipino,8
field,8
training,8
great,8
subject,8
gihapon,8
group,8
wala na,8
visiting,8
usctc,8
environment,8
duha,8
ctu,8
company,8
would like,8
ab,8
wifi,7
conducting,7
raba,7
ranking,7
nako kay,7
name,7
visayas,7
curious,7
pay,7
ra sad,7
result,7
nd year,7
video,7
girl,7
talamban campus,7
talaga,7
moving,7
gikan,7
kay naa,7
ph,7
ba ang,7
luzon,7
rin,7
bpo,7
iya,7
information,7
detail,7
carolinian,7
money,7
participate,7
maayo,7
cheap,7
made,7
usually,7
answer survey,7
monday,7
department,7
data,7
chinese,7
interview,7
maybe,7
today,7
school offer,7
lng,7
btw,7
recommended,7
want know,7
kaayo ang,7
adto,7
big,7
see,7
ba moy,7
college sa,7
office,7
cebu school,7
cebu offer,7
okay,7
either,7
nga school,7
minute,7
assignment,7
night,7
though,7
pls,7
im cebu,7
ko ug,7
ato,7
im looking,7
hello everyone,7
health,7
held,7
male,7
opinion,7
due,7
thesis,7
citu,7
th year,7
sila sa,7
title,7
hard,7
said,7
least,7
doctor university,7
always,7
major,7
update,7
gusto ko,7
among,7
dili ko,7
hotel,7
employment,7
hospital,7
highly,7
etc,7
property,6
general,6
switch,6
ask lang,6
sy,6
velez,6
de,6
decide,6
publication,6
kinsay,6
sa colon,6
ganito,6
source,6
mag enroll,6
st,6
main campus,6
mactan,6
vhire,6
ron,6
mura,6
bawal,6
sa cdu,6
like ask,6
nay,6
na ang,6
gamay,6
future,6
dako,6
letter,6
pero dili,6
boarding,6
barbershop,6
within cebu,6
naa ko,6
grabe,6
na naay,6
best school,6
student usc,6
live,6
book,6
current,6
cant,6
nako sa,6
bohol,6
stop,6
stem student,6
graduated,6
lugar,6
daily,6
downtown,6
dri,6
drop,6
upcoming,6
first time,6
gani,6
tc,6
didnt,6
dorm,6
different,6
uni,6
mental health,6
ko naa,6
probably,6
makita,6
outside,6
hello anyone,6
duol sa,6
feel free,6
thank much,6
process,6
ko mag,6
building,6
tell,6
siguro,6
he,6
pinaka,6
teaching,6
tanan,6
law school,6
sa usa,6
usa ka,6
leadership,6
skwela,6
dire,6
community,6
ako ng,6
imong,6
incoming freshman,6
lang sa,6
tia,6
nurse,6
post,6
cnu,6
almost,6
enough,6
email,6
however,6
house,6
ig,6
shift,6
service,6
might,6
cebu na,6
point,6
idk,6
everyone im,6
postpaid,6
ba na,6
sem,6
college na,6
lain,6
mental,6
medium,6
ever,6
kami,6
yo,6
website,6
cebu would,6
pero wala,6
stay,6
personal,6
ago,6
weekend,6
reddit,5
recos,5
reach,5
rd,5
kahit,5
kaayu,5
culture,5
context,5
considering,5
kaso,5
car,5
good school,5
lol,5
location,5
located,5
local,5
able,5
course sa,5
administration,5
bsit,5
faculty,5
facility,5
market,5
cebu university,5
anything,5
search,5
transferring,5
ex,5
medyo,5
school na,5
prefer,5
tungod,5
allowance,5
environmental,5
elementary,5
highly appreciated,5
ticket,5
civil,5
badly,5
bisan,5
tourism,5
pm,5
ko na,5
medical,5
nuon,5
number gomo,5
note,5
nindot na,5
saturday,5
kung naa,5
kong,5
price,5
metro,5
message,5
print,5
ko sana,5
man gud,5
mall,5
excel,5
plano,5
planning study,5
planning enroll,5
let know,5
term,5
following,5
fine,5
happy new,5
sm,5
insight,5
ko lang,5
known,5
professional,5
probinsya,5
sakyan,5
sakto,5
univ,5
mn,5
individual,5
done,5
document,5
dli,5
unsaon,5
dira,5
commute usc,5
skwelahan,5
situation,5
law student,5
tech,5
makatubag,5
pa jud,5
man ko,5
film school,5
fellow,5
close,5
pangutana,5
pang,5
pako,5
front,5
form,5
talk,5
gaming,5
chill,5
unsay nindot,5
alam,5
akoang,5
coming,5
provide,5
info,5
sa makatubag,5
sa jeep,5
space,5
software,5
social medium,5
specifically,5
chance,5
parent,5
kind,5
next year,5
next month,5
new year,5
kid,5
asa ta,5
instead,5
purpose,5
puro,5
usc tc,5
usc sa,5
isa ka,5
isa,5
cebu conducting,5
cebu college,5
jog,5
kindly,5
paof,5
tag,5
take minute,5
certificate,5
central,5
moved,5
mostly,5
network,5
kay dili,5
ra ko,5
asked,5
sa akoa,5
link survey,5
pharmacy,5
ano,5
ayaw,5
lumad,5
branch,5
ari,5
issue,5
rock,5
dapat,5
daan,5
namo,5
range,5
rajud,5
requirement,5
wa pa,5
must,5
basin naa,5
around usc,5
away,5
chinese ngohiong,5
good day,5
go usc,5
globe number,5
store,5
little,5
google,5
na mag,5
consider,5
nahan,5
youre,5
na sila,5
accept,5
without,4
access,4
accountancy,4
act,4
na university,4
nahibaw,4
bank,4
na may,4
computer science,4
admission,4
world,4
naa man,4
agency,4
walk,4
country,4
contact,4
whats,4
business administration,4
rasad,4
kapoy,4
rant,4
rank,4
rescue,4
wala ko,4
wa ko,4
visit,4
na ako,4
nakita,4
mahal man,4
tabang,4
game,4
fun,4
grow,4
greatly,4
lisod,4
lingaw,4
pet,4
sto,4
survey take,4
summer,4
sulod,4
anong,4
ayala,4
living cebu,4
fresh,4
fix,4
analyze,4
ambot,4
child,4
sport,4
specific,4
chemical,4
check,4
tagalog,4
past,4
particularly,4
parking area,4
parin,4
paranoid,4
parang,4
feedback,4
theyre,4
thats,4
find job,4
hahahah,4
ha,4
hello im,4
left,4
law sa,4
pinoy,4
teach,4
mainly,4
pajud,4
pa na,4
man sad,4
feu,4
others,4
organization,4
order,4
bag,4
expect,4
time analyze,4
similar,4
simala,4
silliman,4
sige,4
language school,4
planning go,4
small,4
technology,4
focus,4
feel like,4
mangutana lang,4
mandaue cebu,4
management,4
bisag,4
event,4
established,4
send,4
here,4
lang na,4
po ba,4
po ako,4
large,4
lapu,4
laptop,4
financially,4
mama,4
tong,4
back school,4
ba sa,4
ba psychology,4
ba psych,4
matter,4
math,4
anyone na,4
semester,4
school year,4
hello wanna,4
hello po,4
shosurvey,4
september,4
badly need,4
many,4
school one,4
trip,4
travel,4
trabaho,4
master degree,4
bisaya,4
ok,4
school nga,4
school like,4
laing,4
lahi,4
ky,4
popular,4
polsci,4
bsa,4
took,4
ata,4
landscape,4
medicine,4
college medicine,4
also heard,4
trying,4
true,4
engagement,4
end,4
lami ang,4
cebu ive,4
cebu im,4
hr,4
hopefully,4
hindi,4
highschool,4
uc usjr,4
uc banilad,4
uban,4
mechanical,4
normal university,4
nindot ug,4
nila ang,4
nigraduate,4
cebu normal,4
scholar,4
scam,4
saying,4
save,4
sauna,4
salamat sa,4
kuha,4
edurank,4
easily,4
early,4
undergrad,4
una,4
mga tao,4
mga student,4
ni nga,4
ni na,4
ngita,4
im incoming,4
industry,4
attend,4
ko pero,4
ko nag,4
kwarta,4
ako sa,4
unsay mga,4
university university,4
sad dili,4
inquire,4
program cebu,4
ko kay,4
prof,4
sako,4
university hi,4
university college,4
unis,4
balay,4
miss,4
mine,4
election,4
knee,4
kita,4
urban,4
upc,4
come,4
diay ko,4
diay ang,4
usc law,4
sa tanan,4
sa talamban,4
approach,4
applying,4
sa isa,4
sad koy,4
dm,4
diri cebu,4
kinda,4
usc im,4
usc hi,4
usc hello,4
usc downtown,4
nga naa,4
montessori,4
moment,4
modern,4
ng usc,4
deserve,4
quite,4
quality education,4
international student,4
interior,4
institution,4
sa akin,4
run,4
uspf,4
using,4
usc uc,4
usc pero,4
deadline,4
ddto,4
dating,4
di ko,4
isang,4
inyung,4
inyong,4
cebu ang,4
iyang,4
kinsa,4
curriculum,4
mother,4
monthly,4
never,4
need respondent,4
near cebu,4
national,4
bedroom,4
dapit sa,4
kaau,4
july,4
jud sa,4
ra sa,4
kaya,4
kay ang,4
aspiring,4
basically,4
na nag,4
na naa,4
asa na,4
asa ang,4
article,4
around cebu,4
rental,4
ito,4
isnt,4
rn,4
review center,4
much ang,4
na course,4
wala pa,4
cut,4
naa pa,4
abroad,4
would really,4
writing,4
wonder,4
reading,4
read,4
rather,4
kag,4
kaayog,4
kaayo sa,4
culinary,4
criterion,4
wanna ask,4
akin,4
aha,4
ang tuition,4
given,4
boarding house,4
board exam,4
statement,4
state university,4
starting,4
person,4
longer,4
year old,4
year college,4
year ba,4
year ago,4
na sad,4
na pud,4
naa sa,4
adlaw th,3
connected,3
yet,3
yes,3
year student,3
year since,3
cousin,3
western,3
cost living,3
could find,3
course na,3
walang,3
aircon,3
wanna know,3
want pursue,3
wanted know,3
cr,3
nahibawan na,3
nahu,3
nakitan,3
behavior,3
behind,3
murag wala,3
ive heard,3
remember,3
arrested,3
asa ko,3
resource,3
respondent survey,3
jud diay,3
jud ni,3
rag,3
capitol,3
kani,3
kasi ako,3
kamo,3
kamusta,3
campus im,3
kaayo ko,3
aside,3
kept,3
kibaw,3
kinda wanna,3
ask question,3
sa college,3
ra gyud,3
ra na,3
ra ni,3
kauban,3
kay basin,3
kay daghan,3
kay mahal,3
kayo,3
road,3
route,3
punk,3
puy,3
pwde,3
knew,3
sa ctu,3
sa family,3
sa google,3
sa ila,3
instructor,3
interior design,3
internet cafe,3
career,3
carlos cebu,3
sa inyo,3
questionnaire,3
asay,3
saba,3
sadly,3
im taking,3
im thinking,3
industrial,3
applied,3
area near,3
sa south,3
sa uc,3
sa university,3
ingani,3
input,3
protest,3
provider,3
pub,3
puhon,3
im curious,3
im grade,3
im hoping,3
im moving,3
im new,3
sakin,3
sakto ba,3
problem,3
professor,3
ko diri,3
ko ganahan,3
ko kung,3
ko mo,3
program na,3
inquiry,3
sa usjr,3
kulang,3
kung anong,3
kung asa,3
sale,3
salon,3
saw,3
saying na,3
school diri,3
cebu naa,3
ko naay,3
ko niya,3
ko sure,3
ateneo de,3
atong,3
industrial engineering,3
ill visiting,3
hiii,3
school within,3
ie,3
hows,3
human,3
huna,3
cebu good,3
cebu kanang,3
cebu kay,3
school go,3
school kay,3
lamian,3
previous,3
atbang sa,3
ateneo,3
korean,3
application,3
help reach,3
scooter,3
seem,3
seems,3
anyway,3
apartment near,3
apil,3
cebu wondering,3
broke,3
possibly,3
posted,3
laki,3
school para,3
school pero,3
school sa,3
language use,3
silay,3
silliman university,3
silogan,3
hate,3
hehe thank,3
please recommend,3
plss,3
plus,3
podcast,3
police,3
political,3
helping,3
hey,3
hi anyone,3
app,3
legit,3
lenikiko,3
since im,3
sister,3
siya sa,3
siya ug,3
siyay,3
skwela sa,3
plan nako,3
planning move,3
planning take,3
planning transfer,3
please please,3
build,3
bus terminal,3
lang sya,3
spot,3
standard,3
soof,3
another university,3
anxious,3
south bus,3
southwestern,3
southwestern university,3
speak,3
chemical engineering,3
pila man,3
pinas,3
piso,3
piso print,3
lately,3
lead,3
peso,3
started,3
grad,3
grade stem,3
grade student,3
grado,3
phinma,3
phone,3
photo,3
level,3
library,3
licensure,3
light,3
pick,3
guy know,3
growing,3
body,3
boxing,3
literally,3
story sa,3
street,3
stress,3
stuck,3
student cebu,3
student naa,3
studio,3
go back,3
go shs,3
lng ko,3
long survey,3
look like,3
pero wa,3
study cebu,3
study sa,3
study usc,3
studying university,3
suggestion po,3
suggestion would,3
supporting,3
survey anyone,3
chose,3
christian,3
ghapon,3
per month,3
perception,3
pero ma,3
pero murag,3
looked,3
talamban banilad,3
full,3
fully,3
gian,3
gift,3
sweldo,3
taas,3
taga cebu,3
getting,3
pax,3
pd,3
audience,3
lower,3
lucky,3
lunch,3
ayaw lang,3
paman,3
pandemic,3
pangita,3
paper,3
para maka,3
maglisod,3
mahadlok,3
partner,3
mag ask,3
magask,3
passed,3
choice nako,3
choosing,3
tagalog mix,3
take college,3
talamban area,3
amoa,3
analyze response,3
finish,3
first choice,3
floor,3
ganahan ko,3
ganahan unta,3
talamban near,3
target,3
format,3
forward,3
freshie,3
friday,3
makaya ra,3
pala,3
palang,3
follow,3
followed,3
andor,3
ang cit,3
thank advance,3
female,3
man jud,3
man siguro,3
owner,3
pa ko,3
paba,3
paid,3
main na,3
makaya,3
technological,3
amo,3
thyear,3
time ive,3
expense,3
exploring,3
eye,3
facebook,3
operation,3
oras,3
organization cebu,3
makuha,3
malapit,3
thank kaayo,3
thank link,3
thanks advance,3
there,3
fb,3
title say,3
together,3
tom,3
topic,3
tourism student,3
eventually,3
biology,3
mandaue city,3
mangayo,3
mangita,3
mangitag,3
mangutana unta,3
mao ni,3
bad,3
city college,3
city hi,3
bit,3
marketing graduate,3
everyday,3
toxic,3
transfer cebu,3
transpo,3
tree,3
college nga,3
college school,3
may ask,3
online class,3
onsite,3
ba ni,3
big university,3
biggest,3
factor,3
elementary school,3
emall,3
employer,3
encounter,3
eng,3
college science,3
entire,3
enjoy,3
coffee,3
although,3
alumnus,3
offer ug,3
often,3
oi,3
ok ra,3
bisita,3
mi sa,3
middle,3
engineering degree,3
undergraduate,3
understand,3
unemployed,3
eat,3
eating,3
eh,3
electric,3
nindot nga,3
october,3
offer og,3
two,3
type,3
typhoon,3
balance,3
balik,3
bang,3
uniform,3
universe,3
university diri,3
dream,3
drink,3
duol ra,3
duterte,3
banilad area,3
ngano,3
ni akong,3
ni siya,3
mention,3
mga school,3
college university,3
common,3
usahay,3
dili na,3
diploma,3
unsa pa,3
ako na,3
dito,3
dont really,3
dont want,3
nga nindot,3
bago,3
bai,3
bakit,3
mind,3
mix,3
uy,3
uyab,3
use answer,3
used,3
user,3
decided,3
design,3
developed,3
moving cebu,3
news,3
next week,3
nga di,3
nga ga,3
moa,3
direct,3
usc kay,3
version,3
via,3
vice,3
daghan daw,3
daghan nag,3
daghang,3
dala,3
vice versa,3
beginner,3
motorcycle,3
dha,3
date,3
daw ang,3
dayon,3
deadline assignment,3
usual,3
mutubag,3
visiting philippine,3
wa pako,3
waiting,3
waitlist,3
currently grade,3
currently taking,3
nakog,3
nangita,3
nasad,3
natin,3
much appreciated,3
much better,3
basin naay,3
bata,3
versa,3
naa nako,3
academic,3
adlaw sa,3
word,3
accessible,3
wont,3
na usc,3
nag offer,3
barato ra,3
na dili,3
na duol,3
na kaayo,3
na kay,3
water,3
week pero,3
weird,3
kabalo,3
kabaw,3
kaila na,3
regarding,3
registrar,3
rate,3
ray,3
rd year,3
ready,3
really appreciate,3
reasonable,3
kamahal,3
active,3
yeah,3
worklife,3
would love,3
abangan,2
accepted,2
accounting,2
accounting im,2
actively,2
actually,2
write,2
admin,2
advice sa,2
advice tip,2
advised,2
young,2
youd,2
year sa,2
covid,2
course im,2
course first,2
couple,2
context im,2
content,2
consideration,2
who,2
white,2
whether,2
whats best,2
well im,2
welcome,2
nahibalan,2
naglisod mi,2
naglisod,2
naglibog,2
nag email,2
naa lang,2
na yung,2
na want,2
na wala,2
na talaga,2
na siya,2
na option,2
na nindot,2
na nila,2
na ni,2
nag dako,2
nahibawan nga,2
basic,2
based cebu,2
barbershop around,2
na nakikita,2
na lang,2
na jd,2
na inyo,2
na ingani,2
na food,2
na daghan,2
barato nga,2
banking otps,2
banking,2
banilad mandaue,2
nahibalan nga,2
nakos,2
nako mo,2
nako ang,2
na college,2
na barato,2
na ba,2
na area,2
murag naa,2
murag dili,2
benefit,2
nakikita,2
nakalimutan,2
nakabalo,2
najud,2
nahuman,2
nahu sa,2
near university,2
near school,2
near park,2
nawng,2
beginner friendly,2
become,2
basta kay,2
mukhang,2
much per,2
much knowledge,2
mubalhin,2
nasa,2
nani,2
naman sila,2
naman gud,2
nalang sa,2
next school,2
next day,2
muapply,2
muagi,2
moy nahibawan,2
moy nahibaw,2
moy nahibalan,2
moved cebu,2
move cebu,2
motivation,2
morning,2
networking,2
negative,2
needed,2
need suggestion,2
need recommendation,2
month plan,2
month month,2
month ill,2
mom,2
modern jeep,2
mock,2
moalboal,2
mo suggest,2
mo reco,2
mo offer,2
nga mu,2
nga mga,2
nga maka,2
nga ganahan,2
nga duol,2
next sy,2
mistake,2
missing,2
minute time,2
mindanao,2
min,2
miga,2
bako,2
bahalag,2
bahala love,2
bahala,2
bah nya,2
bah,2
nga usc,2
nga university,2
nga place,2
nga nag,2
nice ang,2
mig,2
midterm,2
mga higala,2
mga friend,2
mga aspiring,2
mga advice,2
method,2
ni sa,2
ni nako,2
nga walay,2
nga wala,2
balak,2
mo nahibawan,2
mo mga,2
mix language,2
ofc,2
oakridge,2
oa,2
nursing university,2
number anyone,2
notification,2
norm,2
non,2
noh,2
niya kay,2
nito,2
nimo,2
nila nga,2
nila ako,2
nice one,2
nice hear,2
okay ra,2
oh,2
og certificate,2
offering,2
offered,2
meeting,2
meet,2
medyo daghan,2
medium presence,2
med tech,2
mechanical engineering,2
mean,2
may time,2
may mga,2
offer much,2
offer ba,2
ba ko,2
online course,2
online banking,2
one would,2
may alam,2
max,2
mata,2
master science,2
master program,2
maski,2
blank,2
bisaya english,2
one want,2
one ride,2
one biggest,2
one another,2
mani,2
mangutana ug,2
mango,2
manghud,2
bisan unsa,2
bisag wa,2
bill,2
bike,2
better cebu,2
marketing accounting,2
marcos,2
march,2
map,2
bachelor,2
ba sila,2
ba mo,2
pa naay,2
pa mi,2
pa lang,2
pa diay,2
oy,2
man ka,2
man ilang,2
man gani,2
man diay,2
malapit sa,2
outside cebu,2
otps connected,2
otps,2
option nga,2
manual,2
manila cebu,2
pangalan,2
pakoy,2
makig,2
makati,2
makasulod,2
makasakay,2
makapasar sa,2
makapasar,2
maka recommend,2
maka kuha,2
maka apply,2
mainly use,2
page national,2
pag college,2
pa siya,2
pa nako,2
paragon,2
main hello,2
mahunahunaan kamo,2
mahunahunaan,2
mahatag,2
mahal ra,2
mahal kaayo,2
magwork,2
magshare ug,2
magshare,2
magpa,2
magcode switch,2
magcode,2
para naa,2
para mag,2
pangalan sa,2
magaaply,2
mag move,2
mag law,2
mag joke,2
mag college,2
madala,2
mactan cebu,2
ma worth,2
ma better,2
pas,2
party,2
participant answer,2
parkmall,2
pares,2
pareha sa,2
pareha,2
lovelife worklife,2
lovelife,2
love nice,2
lot thanks,2
br,2
boy,2
aware,2
aw,2
average,2
ave,2
august,2
audacity,2
pause,2
pauli,2
patime,2
magask lang,2
born,2
booking,2
blank gomo,2
lot affordable,2
loss,2
looking pomy,2
looking one,2
pero im,2
pero ganahan,2
pero di,2
pero ang,2
performance,2
per sem,2
ba kayo,2
lugar para,2
low,2
listener,2
list,2
link po,2
like sa,2
like know,2
life college,2
leyte,2
phinma cebu,2
philippine southern,2
personally,2
pero preferably,2
pero naa,2
lockdown,2
located cebu,2
lived,2
bos,2
plan unta,2
plan take,2
leave,2
layo,2
lawyer,2
later,2
late,2
plan already,2
place study,2
pilipinas,2
pili,2
pilay tuition,2
pilay,2
pila inyo,2
picking,2
pic,2
politics,2
pod,2
po yung,2
please tell,2
last week,2
lapu lapu,2
lapas na,2
lapas,2
language study,2
business ad,2
bus ride,2
please need,2
please let,2
please dm,2
plano ko,2
planning pursue,2
pothier,2
porting globe,2
porting,2
pomy mainly,2
pomy,2
btw college,2
broadsheet,2
bright,2
branch ng,2
lang sila,2
lang pud,2
lang nako,2
lang mi,2
lang kay,2
lang hehe,2
poll,2
previous school,2
pretty,2
presence,2
preferred,2
lang gyud,2
lang gud,2
lang ang,2
lang ako,2
lalaki,2
lain na,2
laag,2
la,2
preferrably,2
preferably kanang,2
preferably around,2
pothier number,2
ko ni,2
ko naka,2
kuno,2
koy nakita,2
koy nabasa,2
koy chance,2
kog pangita,2
ko yung,2
ko usc,2
ko unsay,2
atbang usc,2
assured,2
assume,2
assignment maayong,2
aspiring mba,2
price range,2
ko ka,2
ko ba,2
ko ay,2
ko asa,2
ko ani,2
ko akong,2
knowledge,2
proceed,2
private school,2
attended,2
ato na,2
ko taga,2
ko plan,2
ko pag,2
ko padung,2
ko og,2
pwede maka,2
pwede mag,2
pwd,2
put,2
pursue marketing,2
punk rock,2
pud time,2
pud sila,2
pud ni,2
pud kung,2
pud ko,2
psychology subject,2
province university,2
providing,2
program would,2
ko kaila,2
questionnaire take,2
knowing,2
know thought,2
know someone,2
know school,2
know online,2
know much,2
know kung,2
know everyone,2
know cebu,2
know asa,2
know anything,2
klase,2
pwedeng,2
pwede rapud,2
pwede mangutana,2
kinabuhi,2
kilid,2
kept confidential,2
keen,2
kaysa sa,2
kaysa,2
kayo na,2
ask help,2
ask asa,2
aside sa,2
asay ma,2
asa sa,2
asa pwede,2
asa nga,2
quit,2
quick,2
kay wala,2
kay wa,2
kay sa,2
kay murag,2
kay mga,2
kay lami,2
kay gusto,2
ra mo,2
ra man,2
ra kaayog,2
ra jud,2
ra daw,2
ra ba,2
quitting,2
quite far,2
kindly please,2
katong,2
kaso may,2
kase,2
kasagaran,2
kanila,2
kanang naay,2
kanang driving,2
campus wondering,2
campus ive,2
rapud,2
rank university,2
random,2
raman,2
raid,2
racing,2
raba ang,2
redditors,2
red,2
record,2
recommended school,2
recommendation thank,2
recommendation near,2
recommend ug,2
recommend good,2
really want,2
really need,2
really hard,2
realized,2
real,2
reach respondent,2
rcebu,2
rato,2
kainit,2
kaila sa,2
kahibaw,2
kaha,2
kaayo sila,2
campus cebu,2
campaign,2
came,2
call,2
cafe sa,2
buying,2
kanang dili,2
kana lang,2
kamusta ang,2
kamo bahala,2
reef,2
researcher,2
rescue lumad,2
required,2
reported,2
asa diri,2
arrest,2
around talamban,2
around area,2
ari sa,2
report,2
rent pet,2
reliable,2
release,2
related,2
regular,2
kalit,2
riding,2
result sa,2
rest assured,2
rest,2
ka subject,2
ka decide,2
ka afford,2
juy,2
jud sya,2
jud ang,2
jones,2
joke pwede,2
joke,2
joint statement,2
joint,2
response would,2
inviting,2
invited,2
ceb,2
jod,2
job graduating,2
jeep unta,2
japanese,2
ive reading,2
ive planning,2
ito sa,2
itll,2
issue behavior,2
rose,2
ron ganahan,2
rise,2
right school,2
cdu im,2
cdo,2
cause,2
carlos conducting,2
care,2
interest,2
sa emall,2
sa city,2
sa balay,2
sa among,2
sa amoa,2
sa ako,2
iprint,2
inyung comment,2
inyoha,2
inyo mahunahunaan,2
sa san,2
sa pinas,2
sa pag,2
sa mo,2
area sa,2
architecture student,2
ara,2
approved,2
appreciate could,2
appointment,2
apply sa,2
sa manila,2
sa life,2
sa inyung,2
sa inyong,2
sa internet,2
sad nako,2
sad nag,2
sab,2
sa work,2
inside,2
inperson class,2
inperson,2
inig,2
ing ani,2
ing,2
information system,2
influencers,2
influence,2
sa ubang,2
sa uban,2
sa sulod,2
iloilo,2
ill going,2
ilado,2
incoming grade,2
income,2
included,2
imo,2
im trying,2
im th,2
im starting,2
im shs,2
sakay,2
safety,2
safe,2
sad seryoso,2
sad sa,2
school ang,2
scheduled,2
schedule,2
scene,2
scared,2
sayang,2
sauna pa,2
sauce,2
sasagot,2
salamat po,2
salamat kaayo,2
sakong,2
im province,2
im interested,2
im good,2
im also,2
cebu guy,2
hunahuna,2
huhuhu,2
ik,2
ideally,2
ideal,2
id like,2
id appreciate,2
ibang,2
hybrid,2
cebu manila,2
cebu mandaue,2
cebu looking,2
school confused,2
school college,2
school best,2
hospital cebu,2
horror story,2
horror,2
hope naay,2
honest opinion,2
honest,2
higher,2
high student,2
higala,2
school recommendation,2
school publication,2
school preferably,2
school next,2
school im,2
school fee,2
cebu kasi,2
anyone tell,2
anyone recommend,2
anyone pothier,2
self,2
seen,2
seemed,2
seeking,2
searching,2
sd,2
science sa,2
school would,2
school wala,2
school usc,2
school think,2
school thank,2
school suggestion,2
seryoso,2
seminar,2
application online,2
applicant,2
appliance,2
hi rcebu,2
hi po,2
hi planning,2
hi mangutana,2
hesitant,2
here link,2
helpful,2
cebu wala,2
cebu usually,2
apartment na,2
anyways,2
shs stem,2
cebu ug,2
cebu think,2
cebu th,2
cebu technological,2
cebu since,2
cebu recommend,2
cebu really,2
cebu one,2
help guy,2
help future,2
hello student,2
short,2
sharing,2
share insight,2
seryoso pwede,2
single,2
since wa,2
hello naa,2
hello guy,2
hello fellow,2
hello asa,2
heard naa,2
healthcare,2
hatag,2
hassle,2
since college,2
simala hello,2
sim im,2
silang,2
sila na,2
shs student,2
happening,2
happen application,2
happen,2
hapit na,2
hapit,2
hand,2
hair salon,2
hahay,2
hahahaha,2
haha pero,2
gyud ko,2
guy want,2
skirt,2
skill,2
size,2
siya ka,2
southern,2
sound,2
sooo,2
anyone give,2
anyone answer,2
anyhow,2
anw,2
answer would,2
answer thank,2
answer question,2
another school,2
anong mga,2
soon,2
someday,2
smooth,2
sm city,2
greatly appreciated,2
graduating think,2
guy suggest,2
guy please,2
guy naa,2
guy kanang,2
guy im,2
gusto sad,2
guro,2
gullas,2
guess,2
gud dili,2
chicken,2
special,2
spanish,2
southern province,2
govt,2
government,2
gotten,2
google form,2
good university,2
good pax,2
start,2
standing,2
st year,2
spend time,2
spend,2
ched,2
checking,2
challenge,2
center cebu,2
grocery,2
studied usc,2
studied,2
student working,2
student publication,2
student like,2
student im,2
student course,2
stuck marketing,2
struggling,2
strong,2
still hesitant,2
still confused,2
step,2
staying,2
graduate studied,2
graduate ko,2
good friend,2
gomo sim,2
gomo may,2
gomo hi,2
gomo data,2
go college,2
globe postpaid,2
give advice,2
girlies,2
girlfriend,2
ang time,2
ang result,2
ang place,2
ang nindot,2
ang naay,2
ang maayo,2
support,2
super,2
sukad,2
suggestion na,2
suggest school,2
suggest good,2
sugbu,2
subreddit,2
sub,2
style,2
stuff,2
study entitled,2
ano po,2
ani sa,2
angkas,2
ang traffic,2
ta ko,2
switch long,2
sweet,2
svd philippine,2
svd,2
gipuyan,2
gikan sa,2
gihapon akong,2
gibati,2
gi wala,2
gi try,2
gf,2
circle,2
chose cebu,2
survey long,2
survey bisaya,2
take min,2
tagay,2
tagae,2
choosing usc,2
choose one,2
choice kay,2
chismis pwede,2
chismis,2
chill lang,2
gd,2
gathering,2
gasto,2
table,2
tabangi,2
taas ra,2
ta maka,2
talisay,2
talima,2
talamban usc,2
talamban hi,2
talamban commute,2
ganahan na,2
ganahan mo,2
ganahan lang,2
gamay lang,2
fuente,2
front page,2
talaga ako,2
tako,2
taking master,2
take time,2
take much,2
friend nga,2
friend mine,2
friend also,2
freshman marketing,2
freshie diay,2
freelance,2
free comment,2
foreign,2
force,2
tattered,2
tapos,2
tao nga,2
tanong,2
tanang,2
tanan mangutana,2
tan,2
tell experience,2
technological university,2
ang course,2
ang cdu,2
ang akong,2
food place,2
follower,2
flood,2
flight,2
flag,2
five,2
fit,2
ana ko,2
american,2
team,2
te,2
therapy,2
thanks help,2
thank youu,2
thank sa,2
fine art,2
financial,2
finally,2
final,2
feel nako,2
club,2
closer,2
click,2
thank daan,2
test,2
terminal university,2
term sa,2
tight,2
tig,2
thyear psychology,2
thought sa,2
classmate,2
city preferably,2
city mandaue,2
city area,2
citation,2
fee sa,2
favorite,2
father,2
think usc,2
think university,2
think need,2
thing im,2
tor,2
top usc,2
top university,2
top school,2
fan,2
familiar,2
experience sa,2
experience easily,2
expensive,2
expect sa,2
except,2
tiring,2
tip magshare,2
time want,2
time time,2
time participate,2
transferee,2
transfer sa,2
training sa,2
traffic,2
town,2
exam sa,2
exam hard,2
exact,2
everything,2
everyone naa,2
every weekend,2
evening,2
especially usc,2
tournament,2
tourist,2
torn,2
alam po,2
tuesday,2
tudlo,2
tubag,2
tt,2
environmental psychology,2
environmental issue,2
environment sa,2
entitled,2
enter,2
enrolling,2
enroll sa,2
enroll og,2
troll,2
tried asking,2
transferred,2
college go,2
college course,2
coffee shop,2
code,2
enjoying life,2
enjoying,2
english tagalog,2
english language,2
engineering sa,2
engineering program,2
also want,2
already usc,2
alone,2
almost year,2
allowed,2
aligned,2
ug computer,2
ug cit,2
engineer,2
ended,2
employability,2
emphasis,2
email ra,2
uc sa,2
ubos,2
ubang school,2
ubang,2
twice,2
although im,2
alternative,2
college might,2
college ko,2
universitiescolleges,2
electrical engineering,2
electrical,2
edit thank,2
edge,2
easy,2
easily find,2
earlier today,2
undecided,2
ug tor,2
ug tip,2
ug sa,2
ug nindot,2
ug lovelife,2
ug kanang,2
ug job,2
university usc,2
earlier,2
duha ang,2
due reason,2
drive,2
dri cebu,2
drama,2
dost,2
university sa,2
university phinma,2
university offer,2
university im,2
university hospital,2
university ctu,2
university based,2
university ang,2
akong friend,2
ako work,2
dorm na,2
dont much,2
doesnt want,2
doesnt,2
discussion,2
diri para,2
ako nag,2
ako manghud,2
ako mama,2
ako gi,2
unsay best,2
unsa jud,2
unsa diay,2
unsa ang,2
usc college,2
usc blank,2
dire cebu,2
dili siya,2
dili pwede,2
dili mo,2
dili man,2
dili lang,2
compared,2
commute cebu,2
communication,2
unta naay,2
unta ang,2
alam ko,2
akong mga,2
akong gibati,2
usc right,2
comfortable,2
college usc,2
dili chismis,2
difference,2
didto kay,2
diba,2
diay na,2
usc na,2
usc marketing,2
usc karon,2
usc idk,2
usc hope,2
usc experience,2
usc dont,2
usc currently,2
daw nice,2
davao,2
data plan,2
di man,2
di kaayo,2
detail survey,2
desperate,2
demanding,2
deed,2
december,2
usjr usc,2
use globe,2
usctalamban,2
usc wala,2
usc student,2
usc shs,2
dali,2
dahil,2
dagko,2
daghang salamat,2
dad,2
cuz,2
vibe,2
velez college,2
velez cdu,2
various,2
uv,2
utok,2
dead,2
de cebu,2
ddto sa,2
dba,2
cute,2
currently studying,2
currently stuck,2
currently nd,2
current school,2
curious lang,2
confusing,2
confused one,2
confirm,2
confidential,2
wala man,2
wala lang,2
wala ka,2
visited,2
view,2
dali ra,2
want save,2
want hear,2
akin na,2
air,2
aim ko,2
aim,2
ahead,2
age,2
afternoon,2
afford,2
advised shift,2
walking,2
wala sad,2
wala ra,2
wala nay,2
wala naman,2
wednesday,2
way get,2
watched,2
conducting survey,2
conducting study,2
conducting shosurvey,2
condo unit,2
concern,2
computer engineering,2
creepy,2
credit,2
credential,2
crave,2
want use,2
want take,2
want say,2
worklife bisan,2
youu,2
ability,2
would take,2
abli,2
would rather,2
adlawa,2
additionally,2
add,2
ad,2
work must,2
work experience,2
wla,2
within city,2
connection,2
connected globe,2
nag crave,2
nadawat,2
nabasa,2
naay mga,2
naay mba,2
naay maka,2
naay law,2
naay lain,2
naa pud,2
naa pay,2
naa paba,2
would nice,2
would much,2
would greatly,2
would give,2
worse,2
